{
	"Gate Swap" : [],
	"Ref Des" : [],
	"Pin Swap" : [],
	"Component Property" : [],
	"Net Property" : [],
	"Pin Property" : [],
	"Component" : [],
	"Net" : [
		{
			"Name" : "N113914",
			"C_PATH" : "@\\MOISTURESENSOR\\.\\SCHEMATIC1\\(sch_1):\\N113914\\",
			"Logical" : null,
			"Physical" : "N113914"
		}
	],
	"Connection" : [
		{
			"Name" : "R6.1",
			"C_PATH" : "@\\MOISTURESENSOR\\.\\SCHEMATIC1\\(sch_1):\\INS113916\\@\\DISCRETE\\.\\RESISTOR.Normal\\(chips):\\1\\",
			"Logical" : "GND",
			"Physical" : "N113914"
		}
	]
}
