<?xml version="1.0" encoding="UTF-8" standalone="no" ?>
<?xml-stylesheet type="text/xsl" href="file:///c:/cadence/spb_22.1/share/pcb/consmgr/VDD/report/treeview.xsl"?>
<ConstraintDifferenceReport Path="file:///c:/cadence/spb_22.1/share/pcb/consmgr/VDD/report/rc" Type="Constraint Difference Report">

  <RptSummary Col1="Layout" Col2="Schematic">
    <Entry Name="Report time">Tue Dec  2 20:00:27 2025
</Entry>
    <Entry Name="Software version">22.1 (S011)</Entry>
    <Entry Name="Layout">c:\users\precision\desktop\cadence\projects\indivsubsystem\board\moisturesensor.brd</Entry>
    <Entry Name="Schematic">c:\users\precision\desktop\cadence\projects\indivsubsystem\board\netlist\pstcmdb.dat</Entry>
    <Entry Name="Baseline File">C:\Users\PRECIS~1\AppData\Local\Temp\#Taaaaaj05784.tmp</Entry>
    <Entry Name="Destination design updated">Yes</Entry>
    <Entry Name="Update Mode">Diff3</Entry>
    <Entry Name="Constraint Information">Electrical, NetClasses, Properties</Entry>
    <Entry Name="White list">c:\cadence\spb_22.1\share\local\consmgr\cds_flow_config.txt - No valid filters found.</Entry>
    <Entry Name="Objects with conflicts">0</Entry>
  </RptSummary>

  <Tree>
    <Item Filter="0x5" Name="Summary" Ref="main-summary">
      <Item Filter="0x4" Name="Nets [2]" Ref="6">
        <Item Filter="0x4" Name="N932342" Ref="3"/>
        <Item Filter="0x4" Name="N93800" Ref="4"/>
      </Item>
      <Item Filter="0x0" Name="Xnets [2]" Ref="5">
        <Item Filter="0x0" Name="AMPSIG" Ref="2"/>
        <Item Filter="0x0" Name="N934900" Ref="1"/>
      </Item>
    </Item>
  </Tree>

  <Summaries>
    <MainSummary ID="main-summary">
      <ChangedObject Filter="0x4" Name="Nets" ObjNumber="2" Ref="6"/>
      <ChangedObject Filter="0x0" Name="Xnets" ObjNumber="2" Ref="5"/>
    </MainSummary>
    <GroupSummary ID="5" Name="Xnets">
      <ChangedObject Attributes="0" Child="0" Filter="0x0" Membership="0" Name="AMPSIG" Notes="1" Other="0" Ref="2" Reference="0"/>
      <ChangedObject Attributes="0" Child="0" Filter="0x0" Membership="0" Name="N934900" Notes="1" Other="0" Ref="1" Reference="0"/>
    </GroupSummary>
    <ObjectSummary ID="2" Kind="Xnet" Name="AMPSIG">
      <Notes Filter="0x0" Type="Notes">
        <Note Text="Not creating Xnet: &quot;AMPSIG&quot;. Preserving deletion." Type="Warning"/>
      </Notes>
    </ObjectSummary>
    <ObjectSummary ID="1" Kind="Xnet" Name="N934900">
      <Notes Filter="0x0" Type="Notes">
        <Note Text="Not creating Xnet: &quot;N934900&quot;. Preserving deletion." Type="Warning"/>
      </Notes>
    </ObjectSummary>
    <GroupSummary ID="6" Name="Nets">
      <ChangedObject Attributes="1" Child="0" Filter="0x4" Membership="0" Name="N932342" Notes="0" Other="0" Ref="3" Reference="0"/>
      <ChangedObject Attributes="1" Child="0" Filter="0x4" Membership="0" Name="N93800" Notes="0" Other="0" Ref="4" Reference="0"/>
    </GroupSummary>
    <ObjectSummary ID="3" Kind="Net" Name="N932342">
      <Attributes Filter="0x4" Type="Attributes">
        <Attribute Filter="0x4" Name="VOLTAGE" Status="Add" Taken="Src" Type="Scalar">
          <Value>
            <Dst></Dst>
            <Src>5V</Src>
            <Base></Base>
          </Value>
        </Attribute>
      </Attributes>
    </ObjectSummary>
    <ObjectSummary ID="4" Kind="Net" Name="N93800">
      <Attributes Filter="0x4" Type="Attributes">
        <Attribute Filter="0x4" Name="VOLTAGE" Status="Add" Taken="Src" Type="Scalar">
          <Value>
            <Dst></Dst>
            <Src>5V</Src>
            <Base></Base>
          </Value>
        </Attribute>
      </Attributes>
    </ObjectSummary>
  </Summaries>

  <Notes>
    <Note Ref="1" Text="Not creating Xnet: &quot;N934900&quot;. Preserving deletion. (Xnet N934900)" Type="Warning"/>
    <Note Ref="2" Text="Not creating Xnet: &quot;AMPSIG&quot;. Preserving deletion. (Xnet AMPSIG)" Type="Warning"/>
  </Notes>

  <Layers>
    <Layer Name="TOP" Type="Conductor"/>
    <Layer Name="BOTTOM" Type="Conductor"/>
  </Layers>

  <GenericLayers>
    <Layer Name="Conductor"/>
  </GenericLayers>

</ConstraintDifferenceReport>
