<?xml version="1.0" encoding="UTF-8" standalone="no" ?>
<?xml-stylesheet type="text/xsl" href="file:///C:/Cadence/SPB_22.1/share/pcb/consmgr/VDD/report/treeview.xsl"?>
<ConstraintDifferenceReport Path="file:///C:/Cadence/SPB_22.1/share/pcb/consmgr/VDD/report/rc" Status="not-run" Type="Constraint Difference Report">

  <RptSummary Col1="Layout" Col2="Schematic">
    <Entry Name="Report time">Fri Nov  7 16:28:21 2025
</Entry>
    <Entry Name="Software version">22.1 (S011)</Entry>
    <Entry Name="Layout">c:\users\precision\desktop\cadence\projects\indivsubsystem\board\moisturesensor.brd</Entry>
    <Entry Name="Schematic">c:\users\precision\desktop\cadence\projects\indivsubsystem\board\netlist\pstcmdb.dat</Entry>
    <Entry Name="Baseline File">C:\Users\PRECIS~1\AppData\Local\Temp\#Taaaaaj32320.tmp</Entry>
    <Entry Name="Status">Diff3 not run. Input file and Baseline file having matching keys.</Entry>
  </RptSummary>

  <Tree>
    <Item Filter="0x1" Name="Summary" Ref="main-summary"/>
  </Tree>

  <Summaries>
    <MainSummary ID="main-summary"/>
  </Summaries>

  <Notes>
    <Note Text="Diff3 not run. Input file and Baseline file having matching keys." Type="Warning"/>
  </Notes>

  <Layers>
    <Layer Name="TOP" Type="Conductor"/>
    <Layer Name="BOTTOM" Type="Conductor"/>
  </Layers>

  <GenericLayers>
    <Layer Name="Conductor"/>
  </GenericLayers>

</ConstraintDifferenceReport>
