{
	"Gate Swap" : [],
	"Ref Des" : [],
	"Pin Swap" : [],
	"Component Property" : [],
	"Net Property" : [],
	"Pin Property" : [],
	"Component" : [
		{
			"Name" : "C16",
			"C_PATH" : "@\\MOISTURESENSOR\\.\\SCHEMATIC1\\(sch_1):\\INS75492\\@\\DISCRETE\\.\\CAPACITOR NON-POL.Normal\\(chips)",
			"Logical" : "C16",
			"Physical" : null
		}
	],
	"Net" : [
		{
			"Name" : "MOISTURERETURN",
			"C_PATH" : "@\\MOISTURESENSOR\\.\\SCHEMATIC1\\(sch_1):\\MOISTURERETURN\\",
			"Logical" : "MOISTURERETURN",
			"Physical" : null
		},
		{
			"Name" : "N73469",
			"C_PATH" : "@\\MOISTURESENSOR\\.\\SCHEMATIC1\\(sch_1):\\N73469\\",
			"Logical" : "N73469",
			"Physical" : null
		},
		{
			"Name" : "N75528",
			"C_PATH" : "@\\MOISTURESENSOR\\.\\SCHEMATIC1\\(sch_1):\\N75528\\",
			"Logical" : "N75528",
			"Physical" : null
		}
	],
	"Connection" : [
		{
			"Name" : "D1.1",
			"C_PATH" : "@\\MOISTURESENSOR\\.\\SCHEMATIC1\\(sch_1):\\INS13924\\@\\DISCRETE\\.\\LED.Normal\\(chips):\\CATHODE\\",
			"Logical" : "GND",
			"Physical" : "5V"
		},
		{
			"Name" : "J41.6",
			"C_PATH" : "@\\MOISTURESENSOR\\.\\SCHEMATIC1\\(sch_1):\\INS17577\\@\\CONNECTOR\\.\\CONN TRBLK 8.Normal\\(chips):\\6\\",
			"Logical" : "MOISTURERETURN",
			"Physical" : "5V"
		},
		{
			"Name" : "J41.8",
			"C_PATH" : "@\\MOISTURESENSOR\\.\\SCHEMATIC1\\(sch_1):\\INS17577\\@\\CONNECTOR\\.\\CONN TRBLK 8.Normal\\(chips):\\8\\",
			"Logical" : "GND",
			"Physical" : "5V"
		},
		{
			"Name" : "J42.1",
			"C_PATH" : "@\\MOISTURESENSOR\\.\\SCHEMATIC1\\(sch_1):\\INS19164\\@\\LIBRARY_DIRKS\\.\\MalePinPlaceHolder_JMD.Normal\\(chips):\\PORT\\",
			"Logical" : "N75528",
			"Physical" : "N14998"
		},
		{
			"Name" : "J8.1",
			"C_PATH" : "@\\MOISTURESENSOR\\.\\SCHEMATIC1\\(sch_1):\\INS46545\\@\\LIBRARY_DIRKS\\.\\MalePinPlaceHolder_JMD.Normal\\(chips):\\PORT\\",
			"Logical" : "N73469",
			"Physical" : "5V"
		},
		{
			"Name" : "U1.31",
			"C_PATH" : "@\\MOISTURESENSOR\\.\\SCHEMATIC1\\(sch_1):\\INS10776\\@\\LIBRARY_DIRKS\\.\\PIC18F57Q43_JMD.Normal\\(chips):\\RF0U\\",
			"Logical" : "MOISTURERETURN",
			"Physical" : "5V"
		},
		{
			"Name" : "U1.43",
			"C_PATH" : "@\\MOISTURESENSOR\\.\\SCHEMATIC1\\(sch_1):\\INS10776\\@\\LIBRARY_DIRKS\\.\\PIC18F57Q43_JMD.Normal\\(chips):\\GND4\\",
			"Logical" : "GND",
			"Physical" : "5V"
		},
		{
			"Name" : "U1.5",
			"C_PATH" : "@\\MOISTURESENSOR\\.\\SCHEMATIC1\\(sch_1):\\INS10776\\@\\LIBRARY_DIRKS\\.\\PIC18F57Q43_JMD.Normal\\(chips):\\GND1\\",
			"Logical" : "GND",
			"Physical" : "5V"
		},
		{
			"Name" : "U1.2",
			"C_PATH" : "@\\MOISTURESENSOR\\.\\SCHEMATIC1\\(sch_1):\\INS10776\\@\\LIBRARY_DIRKS\\.\\PIC18F57Q43_JMD.Normal\\(chips):\\VOFF\\",
			"Logical" : "GND",
			"Physical" : "5V"
		},
		{
			"Name" : "U1.3",
			"C_PATH" : "@\\MOISTURESENSOR\\.\\SCHEMATIC1\\(sch_1):\\INS10776\\@\\LIBRARY_DIRKS\\.\\PIC18F57Q43_JMD.Normal\\(chips):\\RE3\\",
			"Logical" : "NC",
			"Physical" : "5V"
		},
		{
			"Name" : "U2.12",
			"C_PATH" : "@\\MOISTURESENSOR\\.\\SCHEMATIC1\\(sch_1):\\INS46225\\@\\LIBRARY_DIRKS\\.\\MCP6004_JMD.Normal\\(chips):\\VIND+\\",
			"Logical" : "N73469",
			"Physical" : "5V"
		},
		{
			"Name" : "C1.2",
			"C_PATH" : "@\\MOISTURESENSOR\\.\\SCHEMATIC1\\(sch_1):\\INS59593\\@\\DISCRETE\\.\\CAPACITOR NON-POL.Normal\\(chips):\\2\\",
			"Logical" : "GND",
			"Physical" : "5V"
		},
		{
			"Name" : "C16.2",
			"C_PATH" : "@\\MOISTURESENSOR\\.\\SCHEMATIC1\\(sch_1):\\INS75492\\@\\DISCRETE\\.\\CAPACITOR NON-POL.Normal\\(chips):\\2\\",
			"Logical" : "N75528",
			"Physical" : null
		},
		{
			"Name" : "C16.1",
			"C_PATH" : "@\\MOISTURESENSOR\\.\\SCHEMATIC1\\(sch_1):\\INS75492\\@\\DISCRETE\\.\\CAPACITOR NON-POL.Normal\\(chips):\\1\\",
			"Logical" : "N14998",
			"Physical" : null
		}
	]
}
