{
	"Gate Swap" : [],
	"Ref Des" : [],
	"Pin Swap" : [],
	"Component Property" : [],
	"Net Property" : [],
	"Pin Property" : [],
	"Component" : [
		{
			"Name" : "D2",
			"C_PATH" : "@\\MOISTURESENSOR\\.\\SCHEMATIC1\\(sch_1):\\INS142526\\@\\DISCRETE\\.\\DIODE.Normal\\(chips)",
			"Logical" : "D2",
			"Physical" : null
		},
		{
			"Name" : "R12",
			"C_PATH" : "@\\MOISTURESENSOR\\.\\SCHEMATIC1\\(sch_1):\\INS141896\\@\\DISCRETE\\.\\RESISTOR.Normal\\(chips)",
			"Logical" : "R12",
			"Physical" : null
		},
		{
			"Name" : "R13",
			"C_PATH" : "@\\MOISTURESENSOR\\.\\SCHEMATIC1\\(sch_1):\\INS142440\\@\\DISCRETE\\.\\RESISTOR.Normal\\(chips)",
			"Logical" : "R13",
			"Physical" : null
		},
		{
			"Name" : "R7",
			"C_PATH" : "@\\MOISTURESENSOR\\.\\SCHEMATIC1\\(sch_1):\\INS116383\\@\\DISCRETE\\.\\RESISTOR.Normal\\(chips)",
			"Logical" : "RESISTOR_RESISTOR_INTRO_DISCRETE_100K .25W",
			"Physical" : "RESISTOR_RESISTOR_INTRO_DISCRETE_10K .25W"
		}
	],
	"Net" : [
		{
			"Name" : "N932342",
			"C_PATH" : "@\\MOISTURESENSOR\\.\\SCHEMATIC1\\(sch_1):\\N932342\\",
			"Logical" : "N932342",
			"Physical" : null
		},
		{
			"Name" : "N93800",
			"C_PATH" : "@\\MOISTURESENSOR\\.\\SCHEMATIC1\\(sch_1):\\N93800\\",
			"Logical" : "N93800",
			"Physical" : null
		},
		{
			"Name" : "N125778",
			"C_PATH" : "@\\MOISTURESENSOR\\.\\SCHEMATIC1\\(sch_1):\\N125778\\",
			"Logical" : "N125778",
			"Physical" : null
		}
	],
	"Connection" : [
		{
			"Name" : "D2.2",
			"C_PATH" : "@\\MOISTURESENSOR\\.\\SCHEMATIC1\\(sch_1):\\INS142526\\@\\DISCRETE\\.\\DIODE.Normal\\(chips):\\A\\",
			"Logical" : "N125765",
			"Physical" : null
		},
		{
			"Name" : "D2.1",
			"C_PATH" : "@\\MOISTURESENSOR\\.\\SCHEMATIC1\\(sch_1):\\INS142526\\@\\DISCRETE\\.\\DIODE.Normal\\(chips):\\K\\",
			"Logical" : "N125778",
			"Physical" : null
		},
		{
			"Name" : "R12.2",
			"C_PATH" : "@\\MOISTURESENSOR\\.\\SCHEMATIC1\\(sch_1):\\INS141896\\@\\DISCRETE\\.\\RESISTOR.Normal\\(chips):\\2\\",
			"Logical" : "+5V",
			"Physical" : null
		},
		{
			"Name" : "R12.1",
			"C_PATH" : "@\\MOISTURESENSOR\\.\\SCHEMATIC1\\(sch_1):\\INS141896\\@\\DISCRETE\\.\\RESISTOR.Normal\\(chips):\\1\\",
			"Logical" : "N932342",
			"Physical" : null
		},
		{
			"Name" : "R13.2",
			"C_PATH" : "@\\MOISTURESENSOR\\.\\SCHEMATIC1\\(sch_1):\\INS142440\\@\\DISCRETE\\.\\RESISTOR.Normal\\(chips):\\2\\",
			"Logical" : "+5V",
			"Physical" : null
		},
		{
			"Name" : "R13.1",
			"C_PATH" : "@\\MOISTURESENSOR\\.\\SCHEMATIC1\\(sch_1):\\INS142440\\@\\DISCRETE\\.\\RESISTOR.Normal\\(chips):\\1\\",
			"Logical" : "N93800",
			"Physical" : null
		},
		{
			"Name" : "S2.3",
			"C_PATH" : "@\\MOISTURESENSOR\\.\\SCHEMATIC1\\(sch_1):\\INS93214\\@\\LIBRARY_DIRKS\\.\\463093691402_Limit_JMD.Normal\\(chips):\\NC\\",
			"Logical" : "N932342",
			"Physical" : "+5V"
		},
		{
			"Name" : "S3.3",
			"C_PATH" : "@\\MOISTURESENSOR\\.\\SCHEMATIC1\\(sch_1):\\INS93554\\@\\LIBRARY_DIRKS\\.\\463093691402_Limit_JMD.Normal\\(chips):\\NC\\",
			"Logical" : "N93800",
			"Physical" : "+5V"
		},
		{
			"Name" : "U5.3",
			"C_PATH" : "@\\MOISTURESENSOR\\.\\SCHEMATIC1\\(sch_1):\\INS92644\\@\\LIBRARY_DIRKS\\.\\MCP6004_JMD.Normal\\(chips):\\VINA+\\",
			"Logical" : "N125778",
			"Physical" : "N125765"
		}
	]
}
