<?xml version="1.0" encoding="UTF-8" standalone="no" ?>
<?xml-stylesheet type="text/xsl" href="file:///C:/Cadence/SPB_22.1/share/pcb/consmgr/VDD/report/treeview.xsl"?>
<ConstraintDifferenceReport Path="file:///C:/Cadence/SPB_22.1/share/pcb/consmgr/VDD/report/rc" Type="Constraint Difference Report">

  <RptSummary Col1="Layout" Col2="Schematic">
    <Entry Name="Report time">Wed Nov 12 13:00:03 2025
</Entry>
    <Entry Name="Software version">22.1 (S011)</Entry>
    <Entry Name="Layout">c:\users\precision\desktop\cadence\projects\indivsubsystem\board\moisturesensor.brd</Entry>
    <Entry Name="Schematic">c:\users\precision\desktop\cadence\projects\indivsubsystem\board\netlist\pstcmdb.dat</Entry>
    <Entry Name="Baseline File">C:\Users\PRECIS~1\AppData\Local\Temp\#Taaaaaj34572.tmp</Entry>
    <Entry Name="Destination design updated">Yes</Entry>
    <Entry Name="Update Mode">Diff3</Entry>
    <Entry Name="Constraint Information">Electrical, NetClasses, Properties</Entry>
    <Entry Name="White list">C:\Cadence\SPB_22.1\share\local\consmgr\cds_flow_config.txt - No valid filters found.</Entry>
    <Entry Name="Objects with conflicts">0</Entry>
  </RptSummary>

  <Tree>
    <Item Filter="0x1" Name="Summary" Ref="main-summary">
      <Item Filter="0x0" Name="Xnets [1]" Ref="2">
        <Item Filter="0x0" Name="AMPSIG" Ref="1"/>
      </Item>
    </Item>
  </Tree>

  <Summaries>
    <MainSummary ID="main-summary">
      <ChangedObject Filter="0x0" Name="Xnets" ObjNumber="1" Ref="2"/>
    </MainSummary>
    <GroupSummary ID="2" Name="Xnets">
      <ChangedObject Attributes="0" Child="0" Filter="0x0" Membership="0" Name="AMPSIG" Notes="1" Other="0" Ref="1" Reference="0"/>
    </GroupSummary>
    <ObjectSummary ID="1" Kind="Xnet" Name="AMPSIG">
      <Notes Filter="0x0" Type="Notes">
        <Note Text="Not creating Xnet: &quot;AMPSIG&quot;. Preserving deletion." Type="Warning"/>
      </Notes>
    </ObjectSummary>
  </Summaries>

  <Notes>
    <Note Ref="1" Text="Not creating Xnet: &quot;AMPSIG&quot;. Preserving deletion. (Xnet AMPSIG)" Type="Warning"/>
  </Notes>

  <Layers>
    <Layer Name="TOP" Type="Conductor"/>
    <Layer Name="BOTTOM" Type="Conductor"/>
  </Layers>

  <GenericLayers>
    <Layer Name="Conductor"/>
  </GenericLayers>

</ConstraintDifferenceReport>
