{
	"Gate Swap" : [],
	"Ref Des" : [
		{
			"Name" : "C3",
			"C_PATH" : "@\\MOISTURESENSOR\\.\\SCHEMATIC1\\(sch_1):\\INS92268\\@\\DISCRETE\\.\\CAPACITOR NON-POL.Normal\\(chips)",
			"Logical" : "C3",
			"Physical" : "C5"
		},
		{
			"Name" : "C4",
			"C_PATH" : "@\\MOISTURESENSOR\\.\\SCHEMATIC1\\(sch_1):\\INS92320\\@\\DISCRETE\\.\\CAPACITOR NON-POL.Normal\\(chips)",
			"Logical" : "C4",
			"Physical" : "C6"
		},
		{
			"Name" : "J10",
			"C_PATH" : "@\\MOISTURESENSOR\\.\\SCHEMATIC1\\(sch_1):\\INS92010\\@\\LIBRARY_DIRKS\\.\\MalePinPlaceHolder_JMD.Normal\\(chips)",
			"Logical" : "J10",
			"Physical" : "J9"
		},
		{
			"Name" : "J17",
			"C_PATH" : "@\\MOISTURESENSOR\\.\\SCHEMATIC1\\(sch_1):\\INS92804\\@\\LIBRARY_DIRKS\\.\\MalePinPlaceHolder_JMD.Normal\\(chips)",
			"Logical" : "J17",
			"Physical" : "J19"
		},
		{
			"Name" : "J18",
			"C_PATH" : "@\\MOISTURESENSOR\\.\\SCHEMATIC1\\(sch_1):\\INS106468\\@\\MOISTURESENSOR\\.\\MalePinPlaceHolder_JMD_6.Normal\\(chips)",
			"Logical" : "J18",
			"Physical" : "J20"
		},
		{
			"Name" : "J19",
			"C_PATH" : "@\\MOISTURESENSOR\\.\\SCHEMATIC1\\(sch_1):\\INS97406\\@\\LIBRARY_DIRKS\\.\\malePinPlaceHolderOutput_JMD.Normal\\(chips)",
			"Logical" : "J19",
			"Physical" : "J43"
		},
		{
			"Name" : "J20",
			"C_PATH" : "@\\MOISTURESENSOR\\.\\SCHEMATIC1\\(sch_1):\\INS93112\\@\\LIBRARY_DIRKS\\.\\MalePinPlaceHolder_JMD.Normal\\(chips)",
			"Logical" : "J20",
			"Physical" : "J25"
		},
		{
			"Name" : "J21",
			"C_PATH" : "@\\MOISTURESENSOR\\.\\SCHEMATIC1\\(sch_1):\\INS93180\\@\\LIBRARY_DIRKS\\.\\MalePinPlaceHolder_JMD.Normal\\(chips)",
			"Logical" : "J21",
			"Physical" : "J28"
		},
		{
			"Name" : "J22",
			"C_PATH" : "@\\MOISTURESENSOR\\.\\SCHEMATIC1\\(sch_1):\\INS93278\\@\\LIBRARY_DIRKS\\.\\MalePinPlaceHolder_JMD.Normal\\(chips)",
			"Logical" : "J22",
			"Physical" : "J30"
		},
		{
			"Name" : "J23",
			"C_PATH" : "@\\MOISTURESENSOR\\.\\SCHEMATIC1\\(sch_1):\\INS93422\\@\\LIBRARY_DIRKS\\.\\MalePinPlaceHolder_JMD.Normal\\(chips)",
			"Logical" : "J23",
			"Physical" : "J32"
		},
		{
			"Name" : "J24",
			"C_PATH" : "@\\MOISTURESENSOR\\.\\SCHEMATIC1\\(sch_1):\\INS93358\\@\\LIBRARY_DIRKS\\.\\jumper_jmd.Normal\\(chips)",
			"Logical" : "J24",
			"Physical" : "J31"
		},
		{
			"Name" : "J25",
			"C_PATH" : "@\\MOISTURESENSOR\\.\\SCHEMATIC1\\(sch_1):\\INS93502\\@\\LIBRARY_DIRKS\\.\\MalePinPlaceHolder_JMD.Normal\\(chips)",
			"Logical" : "J25",
			"Physical" : "J34"
		},
		{
			"Name" : "J26",
			"C_PATH" : "@\\MOISTURESENSOR\\.\\SCHEMATIC1\\(sch_1):\\INS93526\\@\\LIBRARY_DIRKS\\.\\MalePinPlaceHolder_JMD.Normal\\(chips)",
			"Logical" : "J26",
			"Physical" : "J35"
		},
		{
			"Name" : "J27",
			"C_PATH" : "@\\MOISTURESENSOR\\.\\SCHEMATIC1\\(sch_1):\\INS93610\\@\\LIBRARY_DIRKS\\.\\MalePinPlaceHolder_JMD.Normal\\(chips)",
			"Logical" : "J27",
			"Physical" : "J36"
		},
		{
			"Name" : "J28",
			"C_PATH" : "@\\MOISTURESENSOR\\.\\SCHEMATIC1\\(sch_1):\\INS93644\\@\\LIBRARY_DIRKS\\.\\MalePinPlaceHolder_JMD.Normal\\(chips)",
			"Logical" : "J28",
			"Physical" : "J37"
		},
		{
			"Name" : "J29",
			"C_PATH" : "@\\MOISTURESENSOR\\.\\SCHEMATIC1\\(sch_1):\\INS93684\\@\\LIBRARY_DIRKS\\.\\jumper_jmd.Normal\\(chips)",
			"Logical" : "J29",
			"Physical" : "J38"
		},
		{
			"Name" : "J30",
			"C_PATH" : "@\\MOISTURESENSOR\\.\\SCHEMATIC1\\(sch_1):\\INS93754\\@\\LIBRARY_DIRKS\\.\\jumper_jmd.Normal\\(chips)",
			"Logical" : "J30",
			"Physical" : "J39"
		},
		{
			"Name" : "J9",
			"C_PATH" : "@\\MOISTURESENSOR\\.\\SCHEMATIC1\\(sch_1):\\INS92080\\@\\HW02LIBRARY_DIRKS\\.\\Barrel_Jack_Switch_JMD.Normal\\(chips)",
			"Logical" : "J9",
			"Physical" : "J10"
		},
		{
			"Name" : "R10",
			"C_PATH" : "@\\MOISTURESENSOR\\.\\SCHEMATIC1\\(sch_1):\\INS93586\\@\\DISCRETE\\.\\RESISTOR.Normal\\(chips)",
			"Logical" : "R10",
			"Physical" : "R4"
		},
		{
			"Name" : "R11",
			"C_PATH" : "@\\MOISTURESENSOR\\.\\SCHEMATIC1\\(sch_1):\\INS116540\\@\\DISCRETE\\.\\RESISTOR.Normal\\(chips)",
			"Logical" : "R11",
			"Physical" : "R10"
		},
		{
			"Name" : "R2",
			"C_PATH" : "@\\MOISTURESENSOR\\.\\SCHEMATIC1\\(sch_1):\\INS128384\\@\\DISCRETE\\.\\RESISTOR.Normal\\(chips)",
			"Logical" : "R2",
			"Physical" : "R12"
		},
		{
			"Name" : "R3",
			"C_PATH" : "@\\MOISTURESENSOR\\.\\SCHEMATIC1\\(sch_1):\\INS121209\\@\\DISCRETE\\.\\RESISTOR.Normal\\(chips)",
			"Logical" : "R3",
			"Physical" : "R11"
		},
		{
			"Name" : "R4",
			"C_PATH" : "@\\MOISTURESENSOR\\.\\SCHEMATIC1\\(sch_1):\\INS94656\\@\\DISCRETE\\.\\RESISTOR.Normal\\(chips)",
			"Logical" : "R4",
			"Physical" : "R5"
		},
		{
			"Name" : "R5",
			"C_PATH" : "@\\MOISTURESENSOR\\.\\SCHEMATIC1\\(sch_1):\\INS93318\\@\\DISCRETE\\.\\RESISTOR.Normal\\(chips)",
			"Logical" : "R5",
			"Physical" : "R3"
		},
		{
			"Name" : "R6",
			"C_PATH" : "@\\MOISTURESENSOR\\.\\SCHEMATIC1\\(sch_1):\\INS133802\\@\\DISCRETE\\.\\RESISTOR.Normal\\(chips)",
			"Logical" : "R6",
			"Physical" : "R13"
		},
		{
			"Name" : "R7",
			"C_PATH" : "@\\MOISTURESENSOR\\.\\SCHEMATIC1\\(sch_1):\\INS116383\\@\\DISCRETE\\.\\RESISTOR.Normal\\(chips)",
			"Logical" : "R7",
			"Physical" : "R9"
		},
		{
			"Name" : "R8",
			"C_PATH" : "@\\MOISTURESENSOR\\.\\SCHEMATIC1\\(sch_1):\\INS115522\\@\\DISCRETE\\.\\RESISTOR.Normal\\(chips)",
			"Logical" : "R8",
			"Physical" : "R7"
		},
		{
			"Name" : "R9",
			"C_PATH" : "@\\MOISTURESENSOR\\.\\SCHEMATIC1\\(sch_1):\\INS115970\\@\\DISCRETE\\.\\RESISTOR.Normal\\(chips)",
			"Logical" : "R9",
			"Physical" : "R8"
		},
		{
			"Name" : "U4",
			"C_PATH" : "@\\MOISTURESENSOR\\.\\SCHEMATIC1\\(sch_1):\\INS92900\\@\\LIBRARY_DIRKS\\.\\MoistureSenosr_JMD.Normal\\(chips)",
			"Logical" : "U4",
			"Physical" : "U5"
		},
		{
			"Name" : "U5",
			"C_PATH" : "@\\MOISTURESENSOR\\.\\SCHEMATIC1\\(sch_1):\\INS92644\\@\\LIBRARY_DIRKS\\.\\MCP6004_JMD.Normal\\(chips)",
			"Logical" : "U5",
			"Physical" : "U4"
		},
		{
			"Name" : "C1",
			"C_PATH" : "@\\MOISTURESENSOR\\.\\SCHEMATIC1\\(sch_1):\\INS92160\\@\\DISCRETE\\.\\CAPACITOR NON-POL.Normal\\(chips)",
			"Logical" : "C1",
			"Physical" : "C3"
		},
		{
			"Name" : "C2",
			"C_PATH" : "@\\MOISTURESENSOR\\.\\SCHEMATIC1\\(sch_1):\\INS92176\\@\\DISCRETE\\.\\CAPACITOR NON-POL.Normal\\(chips)",
			"Logical" : "C2",
			"Physical" : "C4"
		},
		{
			"Name" : "C5",
			"C_PATH" : "@\\MOISTURESENSOR\\.\\SCHEMATIC1\\(sch_1):\\INS93020\\@\\DISCRETE\\.\\CAPACITOR NON-POL.Normal\\(chips)",
			"Logical" : "C5",
			"Physical" : "C12"
		},
		{
			"Name" : "C6",
			"C_PATH" : "@\\MOISTURESENSOR\\.\\SCHEMATIC1\\(sch_1):\\INS106744\\@\\DISCRETE\\.\\CAPACITOR NON-POL.Normal\\(chips)",
			"Logical" : "C6",
			"Physical" : "C10"
		},
		{
			"Name" : "C8",
			"C_PATH" : "@\\MOISTURESENSOR\\.\\SCHEMATIC1\\(sch_1):\\INS115059\\@\\DISCRETE\\.\\CAPACITOR NON-POL.Normal\\(chips)",
			"Logical" : "C8",
			"Physical" : "C13"
		}
	],
	"Pin Swap" : [],
	"Component Property" : [],
	"Net Property" : [],
	"Pin Property" : [],
	"Component" : [],
	"Net" : [],
	"Connection" : []
}
